Title,IMDB Rating,Worldwide Gross
Opal Dreams,6.5,14443
Major Dundee,6.7,14873
The Informers,5.2,315000
Buffalo Soldiers,6.9,353743
The Last Sin Eater,5.7,388390
The City of Your Final Destination,6.6,493296
The Claim,6.5,622023
Texas Rangers,5.0,623374
Ride With the Devil,6.4,630779
Karakter,7.8,713413
Charly,5.8,814666
AimÈe & Jaguar,7.2,927107
Savage Grace,5.7,968805
Owning Mahowny,7.0,1011054
A Home at the End of the World,6.7,1033810
Thr3e,5.0,1060418
Lolita,6.7,1147784
Me and Orson Welles,7.1,1190003
Bubba Ho-Tep,7.3,1239183
The Good German,6.1,1308696
Le hussard sur le toit,6.9,1320043
"Gandhi, My Father",8.1,1375194
Married Life,6.4,1506998
Nicholas Nickleby,7.3,1562800
Oscar and Lucinda,6.7,1612957
Spider,7.8,1641788
Jesus' Son,6.7,1687548
The Dangerous Lives of Altar Boys,6.9,1779284
Les herbes folles,6.7,1877556
Thumbsucker,6.7,1919197
Crazy in Alabama,5.7,1954202
Felicia's Journey,6.9,1970268
Sur Le Seuil,6.7,2013052
The Work and the Glory: American Zion,5.6,2025032
A Dog of Flanders,5.9,2165637
Smilla's Sense of Snow,6.1,2221994
Last Orders,7.0,2326407
What Just Happened,5.9,2412123
And When Did You Last See Your Father?,6.8,2476491
Love and Death on Long Island,6.9,2542264
Infamous,7.1,2613717
Auto Focus,6.6,2703821
Cheri,6.1,2715657
The Perez Family,6.0,2794056
Jindabyne,6.4,2862544
The House of Mirth,6.8,3041803
The Work and the Glory,6.0,3347647
Crash,6.1,3357324
My Summer of Love,7.0,3800915
Restoration,6.5,4100000
Left Behind,5.0,4221341
The Sweet Hereafter,7.8,4306697
The Other Side of Heaven,6.3,4720371
The Virgin Suicides,7.2,4859475
Jakob the Liar,6.1,4956401
Control,7.8,5645350
Ed Wood,8.1,5828466
Impostor,6.0,6114237
A Sound of Thunder,4.1,6300451
Mary Reilly,5.5,6370115
Gods and Monsters,7.5,6451628
I Dreamed of Africa,5.2,6543194
The Last Station,7.0,6616974
The Big Bounce,4.8,6626115
Trapped,6.0,6916869
Obsluhoval jsem anglickÈho kr·le,7.4,7174984
Running With Scissors,6.0,7213629
Requiem for a Dream,8.5,7390108
A Scanner Darkly,7.2,7405084
Smoke Signals,6.9,7756617
Hoot,5.3,8224998
The Love Letter,5.1,8322608
Big Trouble,6.3,8488871
The Oxford Murders,6.1,8667348
Whatever it Takes,5.2,8735529
The Deep End,6.6,8823109
Miracle at St. Anna,5.9,9110458
All the King's Men,6.0,9521458
The Express,7.1,9808102
Tsotsi,7.4,9879971
Mrs. Winterbourne,5.8,10039566
Taking Woodstock,6.8,10061080
The Scarlet Letter,4.6,10359006
Sex Drive,6.8,10412485
Not Easily Broken,5.2,10572742
The Great Raid,6.8,10597070
The End of the Affair,6.9,10660147
Being Julia,7.1,11039049
Fair Game,6.6,11497497
The Rules of AttrAction/Adventure,6.7,11799060
The Thirteenth Floor,6.7,11810854
City of Ember,6.4,11817059
Layer Cake,7.4,11850214
In Dreams,5.3,12017369
How to Lose Friends & Alienate People,6.7,12031443
The Quiet American,7.2,12987647
Angela's Ashes,7.0,13038660
Whip It,7.1,13043363
One Night with the King,6.0,13395961
The Deep End of the Ocean,6.0,13508635
The Little Vampire,5.3,13555988
Fear and Loathing in Las Vegas,7.6,13711903
The Man Who Knew Too Little,6.3,13801755
How to Deal,5.4,14108518
Snow Falling on Cedars,6.7,14378353
Blindness,6.6,14542658
Little Children,7.8,14763019
Possession,6.4,14805812
Arn - Tempelriddaren,6.4,14900000
Election,7.4,14943582
The Assassination of Jesse James by the Coward Robert Ford,7.7,15001776
Iris,5.8,15035827
The Painted Veil,7.6,15118795
Thinner,5.3,15171475
The Greatest Game Ever Played,7.3,15425073
The Island,6.9,15716828
Jaws 4: The Revenge,2.6,15728335
Thomas and the Magic Railroad,2.7,15911332
The Ice Storm,7.5,16011975
"Bright Lights, Big City",6.8,16118077
The Emperor's Club,6.7,16124074
House of Sand and Fog,7.8,16157923
Rabbit-Proof Fence,7.6,16199600
A Simple Plan,7.6,16316273
"I Love You, Beth Cooper",5.9,16382538
Original Sin,5.6,16521410
Bringing Out The Dead,6.8,16640210
Extreme Measures,5.9,17378193
Youth in Revolt,6.7,17585588
The Postman,5.5,17650704
The Rage: Carrie 2,4.3,17760244
All the Pretty Horses,5.7,18120267
Simon Birch,6.7,18253415
The Fan,5.6,18582965
Anywhere But Here,5.9,18653615
The Merchant of Venice,7.1,18765585
A Mighty Heart,6.7,18932117
A Single Man,7.6,19112672
Vanity Fair,6.2,19123851
A Christmas Story,8.0,19294144
Tuck Everlasting,6.5,19344615
Le Scaphandre et le Papillon,8.0,19689095
Amelia,5.7,19722782
Multiplicity,5.7,20133326
The Namesake,7.5,20180109
Vampires,6.8,20268825
Valentine,4.3,20384136
A Stir of Echoes,7.1,21133087
The Last Legion,5.4,21439015
White Oleander,7.0,21657770
Flicka,5.7,21893591
Bride & Prejudice,6.2,22064531
Girl with a Pearl Earring,7.1,22106210
Easy A,7.7,22156221
The Ruins,6.0,22177122
Adaptation,7.9,22498520
Drive Me Crazy,5.1,22591451
The Juror,5.3,22730924
Beloved,5.3,22852487
Ella Enchanted,6.3,22913677
Aquamarine,4.6,22978953
In the Cut,5.2,23693646
The Road,7.5,23914270
25th Hour,7.9,23928503
Trainspotting,8.2,24000785
The Action/Adventures of Huck Finn,5.8,24103594
The Shipping News,6.7,24405825
Midnight in the Garden of Good and Evil,6.5,25078937
The Outsiders,7.0,25697647
Appaloosa,6.8,26111394
Blood Work,6.3,26199517
The Box,6.8,26341896
Harriet the Spy,5.8,26570048
Oliver Twist,7.0,26670920
Timeline,5.3,26703184
One True Thing,6.9,26708196
Eye for an Eye,5.7,26792700
The Musketeer,4.4,27053815
The Island of Dr. Moreau,4.1,27682712
To Die For,6.8,27688744
An American Haunting,4.9,27844063
The Wizard of Oz,8.3,28202232
The Shawshank Redemption,9.2,28241469
American Psycho,7.4,28674417
Cidade de Deus,8.8,28763397
The Player,7.7,28876702
The Object of my Affection,5.9,29145924
The Pledge,6.9,29406132
Battlefield Earth: A Saga of the Year 3000,2.3,29725663
The Four Feathers,6.3,29882645
Queen of the Damned,4.7,30307804
Hearts in Atlantis,6.8,30885781
Love in the Time of Cholera,6.2,31077418
The Iron Giant,7.9,31333917
Nick and Norah's Infinite Playlist,6.8,31487293
Pinocchio,3.5,31681811
Striptease,3.9,32773011
Mercury Rising,5.8,32983332
Confessions of a Dangerous Mind,7.1,33013805
Confessions of a Teenage Drama Queen,4.3,33051296
Hart's War,6.2,33076815
Blade Runner,8.3,33139618
The Town,8.7,33180607
Wonder Boys,7.5,33422485
Pay it Forward,6.8,33508922
Because of Winn-Dixie,6.1,33589427
Nochnoy dozor,6.5,33923550
The Relic,5.4,33956608
Cirque du Freak: The Vampire's Assistant,6.1,34372469
The Indian in the Cupboard,5.7,35627222
Alive,3.2,36299670
The Thin Red Line,7.5,36400491
The Action/Adventures of Pinocchio,5.3,36682170
Out of Sight,7.1,37562568
How Stella Got Her Groove Back,5.1,37672944
Emma,6.8,37831658
Quest for Camelot,5.0,38172500
The Missing,7.4,38253433
Someone Like You,5.8,38684906
Whale Rider,7.7,38833352
Primary Colors,6.7,39017984
Thank You For Smoking,7.8,39232211
The Legend of Bagger Vance,6.4,39235486
Anna and the King,6.5,39251128
The Secret Life of Bees,7.0,39612166
Memento,8.7,39665950
The Beach,4.5,39778599
The Boy in the Striped Pyjamas,7.8,39830581
I Still Know What You Did Last Summer,4.1,40020622
Bless the Child,4.8,40435694
Where the Heart Is,6.4,40862054
A Good Year,6.8,42064105
Freedom Writers,7.5,43090741
In the Bedroom,7.5,43430604
Exorcist: The Beginning,5.0,43957541
Hardball,4.1,44102389
The Sisterhood of the Traveling Pants 2,6.2,44154645
The Jungle Book,5.8,44342956
Good Boy!,5.0,45312217
The Rainmaker,6.9,45916769
A Walk to Remember,7.1,46060915
For Love of the Game,6.2,46112640
The Nativity Story,6.6,46432264
The Black Dahlia,5.6,46672813
Eternal Sunshine of the Spotless Mind,8.5,47066518
The Wedding Date,5.5,47175038
High Fidelity,7.6,47881663
The Last King of Scotland,7.8,48363516
Leaving Las Vegas,7.6,49800000
Little Women,7.1,50003303
Absolute Power,6.5,50068310
Fever Pitch,6.3,50071069
Sphere,5.6,50168294
K-PAX,7.3,50315140
Pooh's Heffalump Movie,6.3,52858433
Message in a Bottle,5.6,52880016
Into the Wild,8.2,53813837
The Borrowers,5.6,54045832
The Count of Monte Cristo,7.6,54228104
The Mothman Prophecies,6.5,54639865
The Mist,7.4,54777490
Derailed,3.4,54962616
The Ant Bully,6.2,55181129
Clueless,6.7,56598476
A Civil Action/Adventure,6.4,56709981
The Man in the Iron Mask,7.2,56968169
The Specialist,4.9,57362581
Inkheart,6.1,58051454
Must Love Dogs,5.9,58894863
The Insider,8.0,60265197
Kiss the Girls,6.4,60527873
Marie Antoinette,6.4,60862471
The 13th Warrior,6.3,61698899
Flags of Our Fathers,7.2,61902376
Friday Night Lights,7.2,61950770
Captain Corelli's Mandolin,5.7,62097495
Random Hearts,4.8,63200000
The Ghost Writer,7.6,63241549
Precious (Based on the Novel Push by Sapphire),7.5,63471431
High Crimes,6.1,63781100
Wag the Dog,7.0,64252038
Without a Paddle,5.7,65121280
Se jie,7.6,65696051
K-19: The Widowmaker,6.5,65716126
Legends of the Fall,7.1,66502573
102 Dalmatians,4.4,66941559
The Men Who Stare at Goats,6.4,67348218
Other Range,7.5,68293719
Practical Magic,5.5,68336997
Babe: Pig in the City,6.1,69131860
Children of Men,8.1,69450202
Curious George,6.7,70114174
Babylon A.D.,5.3,70216497
What Dreams May Come,6.6,71485043
Rules of Engagement,6.2,71719931
Holes,7.1,72383924
Jackie Brown,7.6,72673162
The Other Boleyn Girl,6.7,72944278
The Kite Runner,7.8,73222245
The Horse Whisperer,6.3,75383563
Dreamcatcher,5.3,75685268
Cruel Intentions,6.7,75803716
The Last Song,3.9,75850384
Revolutionary Road,7.6,76989671
The Sentinel,6.1,77280697
Hostage,7.3,77636443
Apocalypse Now,8.6,78800000
Exit Wounds,5.2,79958599
Hannibal Rising,6.0,80583311
The Constant Gardener,7.6,81079798
The Talented Mr. Ripley,7.2,81292135
Blow,7.4,83282296
The Illusionist,7.7,84276175
"Boot, Das",4.3,84970337
Eyes Wide Shut,7.2,86257553
Peter Pan,7.1,87400000
Bicentennial Man,6.4,87420776
The Tale of Despereaux,6.1,88717945
My Sister's Keeper,7.4,89053995
Paycheck,6.1,89350576
Nanny McPhee and the Big Bang,6.1,90676620
Treasure Planet,6.6,91800000
Secret Window,6.5,92958031
Nim's Island,6.0,94081683
The Lovely Bones,6.6,94702568
Be Cool,5.6,94849401
Syriana,7.1,95024620
Shooter,7.2,95203582
Peter Pan,7.1,95255485
Christmas with the Kranks,4.7,96501902
Jarhead,7.2,96947540
The Time Traveler's Wife,7.1,98666635
The Time Machine,5.6,98983590
Where the Wild Things Are,7.2,99123656
Just Like Heaven,6.8,100687083
Fight Club,8.8,100853753
The Notebook,8.0,102276787
The Hitchhiker's Guide to the Galaxy,6.6,104019112
Don't Say a Word,6.1,104488383
Along Came a Spider,6.1,105159085
About Schmidt,7.3,105823486
The Reader,7.7,106107610
The Prestige,8.4,107896006
Body of Lies,7.2,108394666
The Hours,7.6,108775994
Sideways,7.8,109705641
Arthur et les Minimoys,5.9,110102340
Casino,8.1,110400000
L.A. Confidential,8.4,110604977
Doctor Zhivago,8.0,111721000
Dear John,7.0,112014842
We Were Soldiers,6.9,114658262
Snow Dogs,4.9,115010692
Get Shorty,6.9,115021008
Rambo,7.3,116754105
The Client,6.5,117615211
Charlie Wilson's War,7.3,118661095
Pride and Prejudice,5.5,120918508
Starship Troopers,7.1,121100000
Sahara,5.9,121671925
The Princess Diaries 2: Royal Engagement,5.3,122071435
Nanny McPhee,6.7,122540909
Big Fish,8.1,123432867
Coraline,7.8,124062750
First Blood,7.4,125212904
I Know What You Did Last Summer,5.4,125250091
Julie & Julia,7.2,126646119
1408,6.9,128529299
Mean Girls,7.0,128947227
The Forbidden Kingdom,6.7,129075270
Atonement,7.9,129425746
About a Boy,7.4,129949664
Perfume: The Story of a Murderer,7.5,132180323
The Cat in the Hat,3.4,133818283
Sense and Sensibility,7.7,134993774
Stardust,7.9,135556675
The Jungle Book 2,5.2,135703599
Bridge to Terabithia,7.4,136934139
Cloudy with a Chance of Meatballs,7.2,139525862
Anastasia,6.6,139801410
The Devil's Own,5.8,140900000
Charlotte's Web,6.7,143985708
Seabiscuit,7.4,148336445
The General's Daughter,6.1,149705852
The Bone Collector,6.3,151463090
Congo,4.6,152022333
A Time to Kill,7.1,152266007
Chocolat,7.3,152500343
Mystic River,8.0,156835191
21,6.7,157852532
Memoirs of a Geisha,7.1,161510853
Payback,5.8,161626121
Cold Mountain,7.3,161632614
No Country for Old Men,8.3,162103209
The Spiderwick Chronicles,6.8,162839667
The Princess Diaries,5.9,165334774
Sleepers,7.3,165600852
Contact,7.3,165900000
Stuart Little 2,5.6,166000000
Mr. Deeds,5.5,171269535
Black Hawk Down,7.7,173638745
The Bridges of Madison County,7.2,175516617
How to Lose a Guy in 10 Days,6.1,177079973
The Haunting,4.6,180188905
Brokeback Mountain,7.8,180343761
The First Wives Club,5.6,181489203
Atlantis: The Lost Empire,6.4,186049020
Knowing,6.4,187858642
The Sum of All Fears,6.3,193500000
Beowulf,6.6,194995215
Lemony Snicket's A Series of Unfortunate Events,6.9,201627117
JFK,8.0,205400000
Red Dragon,7.3,206455420
Sleepy Hollow,7.5,207068340
Clear and Present Danger,6.8,207500000
Jaws 2,5.6,208900376
Master and Commander: The Far Side of the World,7.5,209486484
Public Enemies,7.1,210379983
The Bourne Identity,7.7,213300000
Dracula,6.4,215862692
Million Dollar Baby,8.2,216763646
The Prince of Egypt,6.8,218600000
Jumper,5.9,222117068
Interview with the Vampire: The Vampire Chronicles,7.4,223564608
Yes Man,7.0,225990976
Percy Jackson & the Olympians: The Lightning Thief,5.8,226435277
The English Patient,7.3,231716374
Artificial Intelligence: AI,6.9,235900000
Journey to the Center of the Earth,5.9,240904370
Babe,7.3,246100000
Eragon,5.0,249488115
Hercules,6.8,250700000
Jumanji,6.4,262758310
The Princess and the Frog,7.4,263467382
Bridget Jones: The Edge Of Reason,5.6,263894551
The Firm,5.5,270340892
Bridget Jones's Diary,6.8,281527158
The Green Mile,8.4,286601374
The Bourne Supremacy,7.6,288587450
Shutter Island,8.0,294512934
Horton Hears a Who,7.2,297133947
Stuart Little,5.8,298800000
Rambo: First Blood Part II,5.8,300400000
The Polar Express,6.7,305420597
The Hunchback of Notre Dame,6.5,325500000
The Devil Wears Prada,6.8,326551094
The Perfect Storm,6.2,328711434
The Curious Case of Benjamin Button,8.0,329809326
Apollo 13,7.5,334100000
Tomorrow Never Dies,6.4,339504276
How the Grinch Stole Christmas,5.7,345141403
Hannibal,6.4,350100280
Catch Me if You Can,5.7,351106800
Goldeneye,7.2,356429941
Minority Report,7.7,358824714
The World is Not Enough,6.3,361730660
Die Hard: With a Vengeance,7.4,364480746
Jurassic Park 3,7.9,365900000
Live Free or Die Hard,7.5,383531464
Gone with the Wind,8.2,390525192
Twilight,6.1,396439854
The Exorcist,8.1,402500000
Beauty and the Beast,3.4,403476931
Night at the Museum: Battle of the Smithsonian,5.9,413054631
The Chronicles of Narnia: Prince Caspian,6.9,419490286
Die Another Day,6.0,431942139
Mrs. Doubtfire,6.6,441286003
The Bourne Ultimatum,8.2,442161562
Tarzan,6.9,448191819
Jaws,8.3,470700000
Shrek,8.0,484399218
Angels & Demons,6.7,485975846
How to Train Your Dragon,8.2,491581231
Twister,6.0,495900000
Troy,7.0,497398577
Sherlock Holmes,7.5,518249844
Night at the Museum,6.4,574480841
Quantum of Solace,6.8,576368427
I am Legend,7.1,585055701
Casino Royale,8.0,596365000
The Passion of the Christ,7.1,611899420
Forrest Gump,8.6,679400525
Shrek Forever After,6.7,729395990
The Da Vinci Code,6.4,757236138
The Lost World: Jurassic Park,6.0,786686679
Harry Potter and the Prisoner of Azkaban,7.7,795538952
Shrek the Third,6.1,798958162
The Lord of the Rings: The Fellowship of the Ring,8.8,868621686
Harry Potter and the Chamber of Secrets,7.2,878987880
Harry Potter and the Goblet of Fire,7.6,896013036
Shrek 2,7.5,919838758
Jurassic Park,7.9,923067947
The Lord of the Rings: The Two Towers,8.7,926284377
Harry Potter and the Half-Blood Prince,7.3,937499905
Harry Potter and the Order of the Phoenix,7.4,938468864
Harry Potter and the Sorcerer's Stone,7.2,976457891
Alice in Wonderland,6.7,1023291110
The Lord of the Rings: The Return of the King,8.8,1133027325
Steel,2.7,1686429
Tank Girl,4.7,4064333
Monkeybone,4.5,5409517
American Splendor,7.6,7978681
Punisher: War Zone,6.1,8199130
Ghost World,7.7,8764007
Jonah Hex,4.3,10547117
Whiteout,5.3,12254746
Zoom,3.4,12506188
The Phantom,4.8,17220599
Bulletproof Monk,5.2,23010607
Virus,4.5,30626690
From Hell,6.8,31598308
The Shadow,5.6,31835600
The Covenant,4.8,38164784
Scott Pilgrim vs. The World,8.1,43149143
Astro Boy,6.4,44093014
The Punisher,6.4,54664370
Son of the Mask,2.0,59918422
A History of Violence,7.6,59993782
30 Days of Night,6.6,75066323
Kick-Ass,8.1,76252166
Catwoman,3.2,82102379
Spawn,4.8,87949859
TMNT,6.6,95009888
Hellboy,6.8,99823958
Timecop,5.5,102053581
Judge Dredd,4.9,113487912
Surrogates,6.3,119668350
Blade,7.0,131237688
Blade: Trinity,5.7,132397389
V for Vendetta,8.2,132511035
AstÈrix aux Jeux Olympiques,4.9,132999811
Blade 2,5.5,154338601
Sin City,8.3,158753820
Hellboy 2: The Golden Army,7.3,160388063
Daredevil,5.5,179179718
The League of Extraordinary Gentlemen,5.5,179265204
Watchmen,7.8,184068357
Garfield,4.8,200802638
Constantine,6.7,230884728
Ghost Rider,5.2,237702596
Hulk,5.7,245360480
The Incredible Hulk,7.1,263349257
Superman,4.9,300200000
Fantastic Four,5.7,330579719
X-Men,7.4,334627820
Wanted,6.4,340934768
The Mask,6.6,343900000
Batman Begins,8.3,372353017
Monsters vs. Aliens,6.8,381687380
Superman Returns,6.6,391120000
X2,7.8,407711549
Batman,7.6,411348924
Men in Black 2,7.4,441818803
300,7.8,456068181
X-Men: The Last Stand,6.9,459359555
Iron Man,7.9,582604126
Men in Black,7.0,587790539
Iron Man 2,7.3,622128345
Spider-Man 2,7.7,783705001
Spider-Man,7.4,821708551
Spider-Man 3,6.4,890871626
The Dark Knight,8.9,1022345358
BloodRayne,2.7,2405420
DOA: Dead or Alive,4.9,2670860
Alone in the Dark,2.3,8178569
Wing Commander,3.7,11578022
The House of the Dead,6.5,13767816
Dungeons and Dragons,3.6,33771965
Mortal Kombat: Annihilation,3.2,51327406
Doom,5.2,54612337
Final Fiction: The Spirits Within,6.4,85131830
Max Payne,5.4,85761789
Street Fighter,3.3,99423000
Silent Hill,6.5,99982632
Resident Evil,6.4,103787401
Mortal Kombat,5.4,122133227
Resident Evil: Apocalypse,5.8,128940078
Resident Evil: Extinction,6.2,146162920
Lara Croft: Tomb Raider: The Cradle of Life,5.2,156453758
Lara Croft: Tomb Raider,5.4,274644183
Isn't She Great,4.9,2954405
Pushing Tin,5.9,8408835
City by the Sea,6.1,22433915
Blue Crush,5.5,51327420
Proof of Life,6.1,62761005
The Peacemaker,5.8,62967368
Eat Pray Love,4.7,81846373
The Fast and the Furious,6.0,206512310
2 Fast 2 Furious,5.1,236220058
A Beautiful Mind,8.0,316708996
The Damned United,7.5,4054204
An Education,7.5,14134502
The Informant,6.2,41771168
Green Zone,7.1,84788541
The Blind Side,7.7,301759475
Good,6.2,27276
The Salon,3.5,139084
Illuminata,6.1,836641
Urbania,6.7,1032075
Get Real,7.5,1152411
Faithful,5.7,2104439
Hamlet,6.0,2288841
Othello,6.9,2844379
In the Company of Men,7.2,2883661
East is East,6.7,4170647
Richard III,7.5,4204857
Little Voice,6.9,4595000
Real Women Have Curves,7.0,5853194
Bug,6.0,7006708
Hamlet,6.0,7129670
Proof,6.9,8284331
The Importance of Being Earnest,6.7,8378141
Kissing Jessica Stein,6.8,8915268
The Libertine,6.4,9448623
Henry V,7.9,10161099
Marvin's Room,6.6,12803305
The History Boys,6.7,13425589
An Ideal Husband,6.7,18542974
Shadowlands,7.4,25842377
Frost/Nixon,7.9,28144586
Paint Your Wagon,6.5,31678778
Ten Things I Hate About You,6.9,38177966
Meet the Browns,3.1,41975388
8 femmes,7.0,42376425
Diary of a Mad Black Woman,4.9,50425450
Amadeus,8.4,51973029
She's the Man,6.4,56889159
Madea's Family Reunion,3.9,63308879
Man cheng jin dai huang jin jia,7.0,75566773
Madea Goes To Jail,3.1,90508336
Closer,2.9,115987757
Finding Neverland,7.9,118676606
Romeo+Juliet,6.5,147542381
You've Got Mail,6.2,250800000
My Big Fat Greek Wedding,6.6,368744044
"Peace, Propaganda and the Promised Land",3.0,4930
Lake of Fire,8.4,25317
Sisters in Law,6.7,33312
10th & Wolf,6.3,54702
Redacted,6.1,65388
Love Ranch,5.6,134904
Hybrid,2.2,162605
My Date With Drew,6.5,181041
Once in a Lifetime: the Extraordinary Story of the New York Cosmos,7.1,206351
Standard Operating Procedure,7.5,228830
Sex with Strangers,5.0,247740
Stonewall,7.0,304602
Copying Beethoven,6.8,355968
Short Cut to Nirvana: Kumbh Mela,6.9,439651
The Last Shot,5.7,463730
Madison,6.4,517262
Prefontaine,6.2,590817
Trekkies,6.9,617172
Inside Deep Throat,6.9,691880
Without Limits,6.9,780326
Princess Kaiulani,5.3,883454
Joyeux NoÎl,7.8,1054361
Wonderland,6.6,1060512
In the Shadow of the Moon,8.0,1134358
Tarnation,7.1,1162014
Saints and Soldiers,7.0,1310470
No End In Sight,8.3,1433319
It's All Gone Pete Tong,7.3,1470620
Factory Girl,6.1,1661464
Murderball,7.8,1722277
Find Me Guilty,7.1,1788077
Tumbleweeds,6.4,1788168
Beyond the Mat,7.2,2047570
Jefferson in Paris,5.6,2461628
Shattered Glass,7.4,2932719
Basquiat,6.7,2962051
Gracie,6.2,3036736
Wordplay,7.4,3177636
Riding Giants,7.7,3216111
Zwartboek,8.0,4398392
Rize,6.8,4462763
Slums of Beverly Hills,6.4,5502773
The Children of Huang Shi,6.9,5527507
Get on the Bus,6.7,5691854
Catch a Fire,6.8,5699773
The Straight Story,8.0,6197866
Topsy Turvy,7.1,6201757
Against the Ropes,5.2,6429865
Rescue Dawn,7.5,7037886
Beyond the Sea,6.6,7061637
The Hoax,6.9,7164995
Cadillac Records,6.7,8138000
Mad Hot Ballroom,7.4,9079042
Veronica Guerin,6.8,9438074
Bright Star,7.1,9469105
White Squall,6.4,10229300
The Newton Boys,5.7,10341093
The Night Listener,5.9,10547755
Pollock,7.1,10557291
The Young Victoria,7.2,11001272
The Squid and the Whale,7.6,11098131
Stop-Loss,6.5,11179472
I'm Not There,7.1,11498547
Hoop Dreams,8.0,11768371
Extraordinary Measures,6.4,12697741
Kinsey,7.2,13000959
Ghosts of Mississippi,6.4,13052741
Religulous,7.8,13136074
Tea with Mussolini,6.7,14395874
Capitalism: A Love Story,7.3,14678228
Flyboys,6.5,14816379
The World's Fastest Indian,7.9,16509706
Domino,5.9,17759202
De-Lovely,6.5,18396382
Michael Jordan to the MAX,7.2,18642318
Martin Lawrence Live: RunTelDat,4.9,19184820
Summer of Sam,6.5,19288130
Die F‰lscher,7.6,19416495
Bobby,7.1,20597806
U2 3D,8.3,22664070
Antwone Fisher,7.3,23367586
Raging Bull,8.4,23380203
North Country,7.2,23624242
The Alamo,5.9,23911362
In the Valley of Elah,7.4,24489150
Wyatt Earp,6.4,25052000
Michael Collins,6.9,27572844
Wolf Creek,6.3,27649774
Luther,6.8,29465190
Super Size Me,7.6,29529368
Riding in Cars with Boys,6.2,29781453
The Great Debaters,7.6,30226144
Rob Roy,6.8,31390587
Sicko,8.2,33538513
Nixon,7.1,34668249
Miss Potter,7.1,35025861
Selena,6.3,35450113
Shine,7.6,35811509
Becoming Jane,7.0,37304637
The Original Kings of Comedy,6.2,38236338
The Soloist,6.7,38286958
The Ghost and the Darkness,6.6,38564422
Mar adentro,7.2,39686345
Gridiron Gang,6.8,41480851
Amistad,7.1,44212592
Notorious,6.3,44473591
Capote,7.6,46309352
Man on the Moon,7.4,47407635
Coco avant Chanel,6.5,48846765
Milk,3.6,50164027
Fargo,8.3,51204567
Radio,6.9,53293628
Good Night and Good Luck,7.7,54601218
Donnie Brasco,7.7,55954997
Frida,7.3,56298474
Tombstone,7.7,56505000
Monster,7.4,58003694
Bowling for Columbine,8.2,58576018
The Bank Job,7.5,63060660
The Miracle,6.1,64445708
August Rush,7.5,65627510
Take the Lead,6.5,65742066
Thirteen Days,7.3,66554547
Letters from Iwo Jima,8.1,68756082
Oceans,7.6,72965951
The Hurricane,7.4,73956241
United 93,7.8,76366864
Elizabeth,7.6,82150642
Men of Honor,6.8,82339483
Dead Man Walking,7.6,83088295
La MÙme,7.6,83499782
Ali,6.6,84383966
Downfall,6.1,92101940
Enemy at the Gates,7.4,96971293
Cinderella Man,8.0,108539911
Coyote Ugly,5.3,115786269
The Pianist,8.5,120000000
The Queen,7.6,122840603
La marche de l'empereur,7.8,129437223
Munich,7.8,130279090
Seven Years in Tibet,6.7,131445884
Remember the Titans,7.5,136706683
The Exorcism of Emily Rose,6.8,144216468
World Trade Center,6.2,163278893
Alexander,5.4,167297191
Walk the Line,7.9,184319402
Valkyrie,7.3,198686497
Patch Adams,6.3,202200000
Braveheart,8.4,209000000
The Aviator,7.6,214608827
The Terminal,7.1,218673959
Fahrenheit 9/11,7.6,222414517
Erin Brockovich,7.2,258400000
American Gangster,7.9,265697825
The Pursuit of Happyness,7.8,306086036
Schindler's List,8.9,321200000
Pocahontas,6.0,347100000
Pearl Harbor,5.4,449239855
Office Space,7.9,12827813
Jonah: A VeggieTales Movie,6.3,25606175
Sling Blade,8.0,34175000
Napoleon Dynamite,6.9,46140956
Looney Tunes: Back in Action/Adventure,6.0,54540662
Twelve Monkeys,8.1,168841459
The Sorcerer's Apprentice,6.4,200092818
G.I. Joe: The Rise of Cobra,5.8,302469019
The Singing Detective,5.6,524747
Strangers with Candy,5.9,2077844
The Real Cancun,2.3,3816594
McHale's Navy,3.9,4408420
From Justin to Kelly,1.6,4922166
Dudley Do-Right,3.6,9818792
Barney's Great Action/Adventure,2.1,11156471
The Action/Adventures of Elmo in Grouchland,5.4,11634458
The Honeymooners,2.6,13174426
Hey Arnold! The Movie,5.3,13684949
Josie and the Pussycats,5.1,14252830
Muppets From Space,6.1,16304786
The Powerpuff Girls,5.9,16425701
Digimon: The Movie,4.6,16628751
Doug's 1st Movie,4.8,19421271
Reno 911!: Miami,5.8,20342161
Doogal,2.5,26942802
Thunderbirds,4.0,28231444
A Night at the Roxbury,5.7,30331165
Superstar,6.0,30628981
I Spy,5.3,33561137
Malibu's Most Wanted,4.8,34499204
The Action/Adventures of Rocky & Bullwinkle,4.1,35129610
My Favorite Martian,4.5,36850101
Sgt. Bilko,5.2,37956589
Serenity,8.0,38514517
Recess: School's Out,6.2,44451470
Aeon Flux,8.1,47953341
Fat Albert,4.0,48563556
The Avengers,3.4,48585416
Naked Gun 33 1/3: The Final Insult,6.1,51041856
Rugrats Go Wild,5.0,55443032
The Lizzie McGuire Movie,4.7,55534455
The Flintstones in Viva Rock Vegas,3.3,59431365
The Wild Thornberrys,6.7,60694737
Beavis and Butt-head Do America,6.6,63118386
Star Trek: Nemesis,6.4,67312826
The X-Files: I Want to Believe,5.9,68369434
Pokemon 3: The Movie,3.5,68452128
Land of the Lost,5.3,69548641
Jackass: The Movie,6.3,75466905
Edge of Darkness,6.7,78739628
Jackass: Number Two,7.2,83578712
State of Play,7.3,91445389
Speed Racer,6.3,93394462
Star Trek II: The Wrath of Khan,7.8,96800000
Inspector Gadget,3.9,97387965
Jimmy Neutron: Boy Genius,5.9,102992536
The Dukes of Hazzard,4.7,110570227
Star Trek: Insurrection,6.4,117800000
Star Trek: Generations,6.5,120000000
Bewitched,4.8,131413159
Lost In Space,4.8,136117629
Star Trek: The Motion Picture,6.2,139000000
The Rugrats Movie,5.4,140894685
Star Trek: First Contact,7.6,150000000
Miami Vice,6.0,163818556
The Saint,5.9,169400000
Starsky & Hutch,6.2,170200225
George Of The Jungle,5.3,174463257
Scooby-Doo 2: Monsters Unleashed,4.8,181185387
Wayne's World,6.9,183097323
S.W.A.T.,5.9,198100000
Traffic,7.8,208300000
Wild Wild West,4.3,222105681
Charlie's Angels: Full Throttle,4.7,227200000
Mr. Bean's Holiday,6.0,229736344
High School Western/Musical 3: Senior Year,3.7,251056401
Borat,7.7,261572744
Charlie's Angels,5.5,263200000
Scooby-Doo,4.7,276294164
Casper,5.7,282300000
Sex and the City 2,3.9,288347692
The Flintstones,4.6,358500000
Alvin and the Chipmunks,5.5,360578644
The Fugitive,7.8,368900000
Star Trek,8.2,385680447
Mission: Impossible III,6.9,397501348
Sex and the City,5.4,416047258
Mission: Impossible,6.9,456481886
The Simpsons Movie,7.6,527071022
Mission: Impossible 2,6.9,546209889
Transformers,7.3,708272592
Transformers: Revenge of the Fallen,6.0,836303693
Hedwig and the Angry Inch,7.6,3643900
Rent,6.9,31670620
Evita,6.1,151947179
Dreamgirls,6.6,154965956
The Phantom of the Opera,7.2,158225796
Grease,7.0,206005260
Chicago,7.2,307687518
The Country Bears,3.8,16988996
Pirates of the Caribbean: The Curse of the Black Pearl,8.0,655011224
Pirates of the Caribbean: At World's End,7.0,960996492
Pirates of the Caribbean: Dead Man's Chest,7.3,1065659812
In Her Line of Fire,3.5,884
The Californians,5.1,4134
Say Uncle,5.7,5361
London,7.7,12667
Donkey Punch,5.4,19367
The Dead Girl,6.8,19875
Leaves of Grass,6.9,20987
The Good Night,6.0,22441
Arnolds Park,5.1,23616
Good Dick,6.4,28835
The Calling,3.4,32092
The Chumscrubber,7.0,49526
Fong juk,7.3,51957
The Mudge Boy,7.1,62544
Cavite,6.0,71644
Nomad,5.5,79123
Freeze Frame,6.3,91062
Sommersturm,7.6,95204
Mutual Appreciation,7.0,103509
Winter Passing,6.4,113783
The Grand,6.1,115879
Come Early Morning,6.2,119452
There Goes My Baby,6.3,125169
Police Academy 7: Mission to Moscow,2.5,126247
The Wendell Baker Story,5.5,127188
Bubble,4.6,145382
Lonesome Jim,6.7,154187
The Business of Fancy Dancing,7.0,174682
Cama adentro,7.2,200433
Ira and Abby,6.3,221096
Civil Brand,4.9,254293
The Lucky Ones,7.1,266967
Chairman of the Board,2.1,306715
City of Ghosts,5.9,325491
Feast,6.4,341808
Southland Tales,5.6,364607
The Quiet,6.5,381420
The Square,6.8,406216
Fido,6.9,419801
Brooklyn Rules,6.4,458232
Things to Do in Denver when You're Dead,6.6,529766
Dream With The Fishes,6.6,542909
Manderlay,7.4,543306
Poolhall Junkies,6.8,563711
Primer,6.9,565846
Sherrybaby,6.7,622806
Orgazmo,6.0,627287
The Brown Bunny,4.9,630427
Journey from the Fall,7.2,635305
Heroes,6.1,655538
The Princess and the Cobbler,7.3,669276
Dayereh,7.3,673780
The Salton Sea,7.1,676698
Saint Ralph,7.5,795126
MirrorMask,7.0,864959
Venom,4.6,881745
Pandora's Box,4.6,881950
La otra conquista,6.1,886410
Panic,2.7,889279
The Brothers Solomon,5.2,900926
September Dawn,5.5,901857
Delgo,4.4,915840
Bacheha-Ye aseman,8.0,925402
Imagine Me & You,6.7,972243
Twin Falls Idaho,7.1,1027228
Undiscovered,3.7,1069318
Dinner Rush,7.2,1075504
Blood and Wine,6.1,1083350
Slam,3.4,1087521
The R.M.,5.5,1111615
L.I.E.,7.2,1138836
Chuck&Buck,6.5,1157672
Trois,3.3,1161843
Groove,5.8,1167524
Casa de Areia,7.5,1178175
Fiza,6.5,1179462
Slow Burn,5.9,1237615
Outlander,6.4,1250617
The Singles Ward,5.7,1250798
Kansas City,6.0,1353824
American Desi,6.7,1366235
The Funeral,6.4,1412799
Northfork,6.3,1445140
Time Changer,5.0,1500711
Chocolate: Deep Dark Secrets,4.6,1549000
The Blue Butterfly,6.2,1610194
Walking and Talking,6.5,1615787
Gun Shy,5.4,1638202
Marci X,2.4,1646664
Festen,8.1,1647780
Tango,6.9,1687311
Ararat,6.6,1693000
Hard Candy,7.2,1881243
Cecil B. Demented,5.9,1953882
Osama,7.4,1971479
Shortbus,6.7,1985292
Limbo,6.9,2016687
The Broken Hearts Club: A Comedy,6.6,2022442
"Happy, Texas",7.5,2039192
Ravenous,6.9,2062406
Zero Effect,6.8,2080693
Mallrats,7.1,2108367
Shadow Conspiracy,4.7,2154540
DysFunkTional Family,5.9,2255000
Teeth,5.5,2300349
Hav Plenty,5.6,2301777
Two Girls and a Guy,5.6,2315026
Gabriela,5.5,2335352
Bamboozled,6.3,2373937
Buffalo '66,7.3,2380606
You Kill Me,6.7,2426851
The Incredibly True Action/Adventure of Two Girls in Love,5.8,2477155
Unforgettable,5.7,2483790
Quinceanera,7.1,2522787
Novocaine,5.8,2522928
Trust the Man,5.8,2548378
But I'm a Cheerleader,6.1,2595216
The Wackness,7.1,2635650
God's Army,6.8,2652515
Junebug,7.1,2678010
No Man's Land,8.0,2684207
Love Stinks,5.3,2793776
Raising Victor Vargas,7.1,2811439
The White Countess,6.5,2814566
eXistenZ,6.8,2840417
Letters to God,4.4,2848587
Cradle Will Rock,6.7,2899970
Waiting for Guffman,7.4,2922988
Songcatcher,6.9,3050934
Sunshine State,6.8,3064356
Clerks,7.9,3073428
Jawbreaker,4.8,3076820
Beautiful,4.4,3134509
Tadpole,6.1,3200241
Romance and Cigarettes,6.2,3231251
Supercross,2.9,3252550
Romeo Is Bleeding,6.3,3275585
Pieces of April,7.2,3284124
Pootie Tang,4.5,3293258
The Company,6.2,3396508
Full Frontal,4.8,3438804
Camping Sauvage,6.0,3479302
Cats Don't Dance,6.9,3588602
The Lost City,6.6,3650302
Thirteen Conversations About One Thing,7.1,3705923
Better Luck Tomorrow,7.1,3809226
L'auberge espagnole,7.3,3895664
Brick,7.5,3918941
8 Heads in a Duffel Bag,4.8,4002884
Idle Hands,5.8,4023741
King's Ransom,3.5,4049527
Donnie Darko,8.3,4116307
Whipped,4.2,4142507
Detroit Rock City,6.4,4217115
Men with Brooms,5.8,4239767
Glitter,2.0,4273372
Soul Survivors,3.6,4288246
Four Rooms,6.4,4301000
PCU,6.0,4333569
Meet the Deedles,3.4,4356126
On the Line,3.4,4356743
Bogus,4.8,4357406
Simply Irresistible,4.8,4398989
Flawless,6.7,4485485
Mumford,6.7,4559569
Pi,7.5,4678513
Lovely and Amazing,6.8,4695781
Held Up,4.7,4714090
Diary of the Dead,6.0,4726656
Welcome to the Dollhouse,7.3,4726732
Duets,5.7,4734235
A Walk on the Moon,6.4,4741987
Igby Goes Down,7.0,4777465
Slackers,4.9,4814244
"Paris, je t'aime",6.6,4857374
Girl 6,4.9,4880941
Hamlet 2,6.4,4898285
Bubble Boy,5.4,5002310
Exotica,7.1,5046118
High Tension,5.4,5208449
The In Crowd,4.2,5217498
Black and White,6.6,5241315
Love Letters,7.3,5269990
Before Sunrise,8.0,5274005
Frozen River,7.2,5281776
C'era una volta il West,8.8,5321508
Equilibrium,7.7,5345869
Me and You and Everyone We Know,7.4,5409058
Made,6.3,5476060
Say It Isn't So,4.6,5516708
For Your Consideration,6.2,5549923
College,4.3,5629618
Underclassman,3.3,5654777
The Pallbearer,4.7,5656388
Kundun,7.0,5686694
Happiness,6.5,5746453
Light It Up,5.4,5871603
Harsh Times,7.0,5963961
Foolish,3.8,6026908
Deuces Wild,5.3,6044618
Celebrity,6.1,6200000
Dick,6.1,6276869
What Planet Are You From?,5.4,6291602
Bound,7.4,6300000
Thirteen,7.0,6302406
Warriors of Virtue,4.0,6448817
Switchback,6.1,6504442
Lucky You,5.9,6521829
Swingers,6.2,6542637
Lost and Found,4.8,6552255
Femme Fatale,6.3,6592103
American History X,8.6,6719864
The Forsaken,5.1,6755271
Moonlight Mile,6.7,6830957
Namastey London,6.7,6831069
200 Cigarettes,5.4,6852450
IndigËnes,7.2,6877936
Moon,8.0,6934829
Sexy Beast,7.1,6946056
Screwed,5.1,6982680
Crossover,1.7,7009668
An American Carol,4.5,7013191
Veer-Zaara,7.3,7017859
The Action/Adventures of Pluto Nash,3.7,7094995
Gigli,2.4,7266209
Phat Girlz,2.2,7271305
The Jerky Boys,3.9,7555256
Ong-Bak 2,4.7,7583050
The Station Agent,7.8,7773824
Serial Mom,6.4,7881335
The Alamo,5.9,7900000
Connie & Carla,6.0,8047525
Woo,3.4,8064972
Firestorm,4.4,8123860
Birthday Girl,6.0,8130727
Code Name: The Cleaner,4.0,8135024
A Simple Wish,4.9,8165213
White Noise 2: The Light,5.9,8243567
Shadow of the Vampire,6.8,8279017
Running Scared,7.5,8345277
Bon Voyage,6.5,8361736
Death to Smoochy,6.2,8374062
Bones,3.9,8378853
Play it to the Bone,5.1,8427204
Les invasions barbares,7.8,8460000
De battre mon coeur s'est arrÍtÈ,7.3,8589831
Suspect Zero,5.8,8712564
The Rocker,6.3,8767338
The Inkwell,5.7,8864699
"Mystery, Alaska",5.5,8891623
Trippin',4.6,9017070
Super Babies: Baby Geniuses 2,1.4,9109322
Bella,7.3,9220041
Stone Cold,4.6,9286314
Black Snake Moan,7.1,9396870
Sleepover,4.6,9408183
Ta Ra Rum Pum,5.1,9443864
Jade,4.8,9812870
3 Strikes,2.9,9821335
Maria Full of Grace,7.6,9892434
Brazil,8.0,9929135
Lucky Numbers,4.9,10014234
Cutthroat Island,5.3,10017322
Le Violon rouge,7.7,10019109
Dirty Work,4.8,10020081
Duplex,5.7,10070651
The Wash,3.6,10097096
Saved!,7.0,10102511
Away We Go,7.3,10108016
Alpha and Omega 3D,6.2,10115431
Bats,3.3,10155691
Facing the Giants,6.0,10178331
Woman on Top,4.9,10192613
I Got the Hook-Up!,3.3,10317779
Knock Off,4.1,10319915
Town & Country,4.4,10364769
The Man,5.4,10393696
Head Over Heels,4.8,10397365
First Daughter,4.7,10419084
The Brothers McMullen,6.4,10426506
The Cooler,7.0,10464788
Narc,7.3,10465659
Bandidas,5.6,10496317
Home Fries,4.7,10513979
Lars and the Real Girl,7.5,10553442
Mad City,6.1,10561038
Three to Tango,5.8,10570375
Drop Dead Gorgeous,6.2,10571408
The Astronaut's Wife,4.9,10672566
Deconstructing Harry,7.2,10686841
Universal Soldier II: The Return,3.4,10717421
Here on Earth,4.6,10845127
Extract,6.4,10849158
Antitrust,6.0,10965209
The Astronaut Farmer,6.4,11003643
You Can Count on Me,7.7,11005992
Deep Rising,5.7,11203026
Banlieue 13,7.1,11208291
Chill Factor,4.9,11263966
Before Sunset,8.0,11293790
Beyond Borders,6.2,11427090
Turbulence,4.5,11532774
The Cookout,3.2,11540112
Two Lovers,7.3,11549034
The Order,4.9,11559747
Get Over It,5.5,11560259
The Muse,5.5,11614954
3 Ninjas Kick Back,3.2,11744960
End of the Spear,6.7,11748661
Tales from the Hood,5.8,11784569
Mulholland Drive,7.9,11919578
Dark Blue,6.6,11933396
Holy Man,4.7,12069719
Confidence,6.8,12212417
Abandon,4.8,12219367
Chasing Liberty,5.8,12291975
Undisputed,5.8,12398628
Knockaround Guys,6.0,12419700
Breakin' All the Rules,5.3,12512317
Sorority Boys,5.1,12516222
Gattaca,7.8,12532777
Love Jones,6.7,12554569
Extreme Ops,4.1,12624471
Idlewild,5.8,12669914
"Bon Cop, Bad Cop",6.9,12671300
The Omega Code,3.3,12678312
Highlander: Endgame,4.3,12801190
Slither,6.6,12834936
They,4.6,12840842
Highlander,7.2,12900000
Living Out Loud,6.5,12905901
Lone Star,7.6,12961389
The Crew,6.0,13019253
Crooklyn,6.5,13024170
The Way of the Gun,6.5,13061935
Anything Else,6.4,13203044
FearDotCom,3.1,13208023
American Outlaws,5.6,13264986
Rachel Getting Married,6.9,13326280
Secrets & Lies,7.9,13417292
Tomcats,4.9,13558739
Osmosis Jones,6.0,13596911
The Ladies Man,4.7,13719474
Highlander III: The Sorcerer,3.8,13738574
Juwanna Man,4.1,13771817
She's the One,6.0,13795053
Monsoon Wedding,7.2,13876974
Dirty Pretty Things,7.5,13904766
Out Cold,5.8,13906394
Stealing Harvard,4.7,13973532
In Too Deep,5.5,14026509
In the Land of Women,6.7,14140402
Supernova,6.8,14218868
Freddy Got Fingered,4.0,14249005
Sukkar banat,7.0,14253760
Ballistic: Ecks vs. Sever,3.4,14294842
Turistas,6.9,14321070
Hot Rod,6.5,14334401
Les Triplettes de Belleville,7.7,14440113
Mrs. Henderson Presents,7.1,14466366
Welcome to Mooseport,5.2,14469428
Run Lola Run,6.0,14533173
Soul Plane,3.7,14553807
Envy,4.6,14566246
I Heart Huckabees,6.8,14584713
Birth,6.3,14603001
Raise Your Voice,5.2,14811980
Hollywood Ending,6.3,14839383
Eve's Bayou,7.0,14843425
Flirting with Disaster,6.7,14853474
Boat Trip,4.7,14933713
Twilight,6.1,15055091
Dead Man on Campus,5.6,15064948
Transamerica,7.6,15151744
Chasing Amy,7.5,15155095
The Corruptor,5.8,15164492
Friends with Money,6.1,15328368
Alex & Emma,5.4,15358583
See No Evil,5.0,15387513
Drowning Mona,5.3,15427192
The Jacket,7.1,15452978
The Fountain,7.4,15461638
The Weather Man,6.9,15466961
Bait,5.6,15471969
My Boss's Daughter,4.3,15549702
Cry Wolf,6.4,15585495
Ulee's Gold,7.0,15600000
Larry the Cable Guy: Health Inspector,2.8,15680099
The Good Girl,6.6,15976468
Kung Pow: Enter the Fist,5.7,16033556
Imagine That,5.4,16123323
The Visitor,6.8,16194905
American Dreamz,5.7,16510971
Mindhunters,6.2,16566235
Baby's Day Out,5.0,16581575
Paparazzi,5.7,16612072
54,5.6,16757163
"House of 1,000 Corpses",5.5,16829545
Godsend,4.7,16910708
Win a Date with Tad Hamilton!,5.7,16980098
Central do Brasil,8.0,17006158
Pandorum,6.9,17033431
CachÈ,5.5,17147381
Center Stage,6.2,17200925
Eight Legged Freaks,5.4,17266505
The Matador,6.9,17290120
Max Keeble's Big Move,5.1,17292381
My Baby's Daddy,4.0,17322212
Half Baked,6.3,17394881
Frailty,7.3,17423030
A Guy Thing,5.5,17430594
Rebound,4.7,17492014
Roll Bounce,5.0,17500866
Disturbing Behavior,5.2,17507368
The Contender,6.9,17804273
12 Rounds,5.4,18184083
Daddy Day Camp,2.4,18197398
Harold & Kumar Go to White Castle,7.2,18225165
Loser,5.0,18250106
Eye of the Beholder,4.6,18260865
Sugar Hill,5.3,18272447
Empire,6.5,18495444
The Curse of the Jade Scorpion,6.7,18496522
An Unfinished Life,7.1,18535575
The Quick and the Dead,6.3,18552460
A Mighty Wind,7.2,18552708
The Girl Next Door,7.0,18589444
3000 Miles to Graceland,5.6,18708848
Akeelah and the Bee,7.6,18948425
Once,8.0,18997174
The Replacement Killers,5.9,19035741
Rushmore,7.8,19080435
2046,7.5,19202856
Half Past Dead,4.1,19233280
Rock Star,5.8,19317765
Saving Silverman,5.6,19351569
The Perfect Man,5.1,19535005
Vampire in Brooklyn,4.3,19637147
Summer Catch,4.6,19693891
Hard Rain,5.6,19870567
Fled,4.9,19892205
crazy/beautiful,6.3,19929123
Down to You,4.4,20035310
Reign Over Me,7.7,20081987
Serving Sara,5.0,20146150
Showgirls,4.1,20254932
City Hall,6.1,20278055
Kids,6.7,20412216
Rendition,6.9,20437142
The Last Castle,6.5,20541668
The Kids Are All Right,7.8,20553799
Walk Hard: The Dewey Cox Story,6.7,20575121
A Perfect Getaway,6.5,20613298
Best in Show,7.4,20695413
Eurotrip,6.5,20718223
Ultraviolet,4.0,20722064
Boys Don't Cry,7.6,20741000
Georgia Rule,5.8,20819601
Amores Perros,8.1,20883834
The Devil's Rejects,6.9,20940428
Tales from the Crypt: Demon Knight,6.4,21089146
ATL,4.7,21170563
The Apostle,7.1,21277770
He Got Game,6.8,21567853
Doomsday,6.0,21621188
Furry Vengeance,2.6,21630465
Little Black Book,5.2,21758371
Boys and Girls,4.9,21799652
Mr. 3000,5.6,21827296
Unaccompanied Minors,3.7,21949214
Joy Ride,5.4,21973182
Don Juan DeMarco,6.6,22032635
Man of the House,4.2,22099706
The Medallion,4.7,22108977
The Marine,4.5,22165608
Waitress,7.2,22202180
My Fellow Americans,6.3,22331846
At First Sight,5.6,22365133
Two Can Play That Game,5.6,22391450
Swimming Pool,6.8,22441323
The Glass House,5.6,22861785
Rounders,7.3,22921898
Super Troopers,6.8,23046142
The Players Club,4.8,23047939
Stay Alive,4.5,23187506
The Usual Suspects,8.7,23341568
Reindeer Games,5.5,23360779
Hustle & Flow,7.5,23563727
Dickie Roberts: Former Child Star,5.5,23734486
The Guru,5.5,23788368
Life as a House,7.5,23889158
Corky Romano,4.2,23978402
Virtuosity,5.3,23998226
Angel Eyes,5.5,24044532
Renaissance Man,5.9,24172899
Saving Grace,6.8,24325623
The Next Best Thing,4.4,24355762
Arlington Road,7.2,24419219
Joe Somebody,5.3,24515990
Punch-Drunk Love,7.4,24591031
Seed of Chucky,5.1,24716190
The Wood,6.1,25059640
Cursed,4.8,25114901
Can't Hardly Wait,6.2,25358996
Escape from L.A.,5.3,25426861
Desperado,7.0,25532388
From Dusk Till Dawn,7.1,25728961
Ice Princess,6.0,25732334
All About the Benjamins,5.3,25873145
Clerks II,7.7,25894473
The New World,6.9,26184400
Dumb and Dumberer: When Harry Met Lloyd,3.3,26214846
The Whole Ten Yards,5.1,26323969
Igor,6.0,26608350
Ghost Town,4.7,26612350
Blast from the Past,6.4,26613620
Event Horizon,6.3,26673242
Spy Hard,4.7,26936265
The Big Hit,5.8,27066941
The Story of Us,5.6,27100030
The Cave,4.8,27147991
Baby Geniuses,2.2,27151490
Dark City,7.8,27257061
The Upside of Anger,7.0,27361993
Air Bud,4.6,27555061
Goal!,6.9,27610873
Traitor,7.1,27664173
Love and Basketball,6.7,27709625
Menace II Society,7.4,27731527
Nurse Betty,6.4,27732366
Friday,7.0,27936778
The Brothers,2.8,27958191
Loaded Weapon 1,5.7,27979399
Grosse Point Blank,7.4,28084357
Brown Sugar,6.0,28315272
Heist,3.2,28483168
Be Kind Rewind,6.6,28505302
Swimfan,4.6,28563926
Wrong Turn,5.8,28649556
Agent Cody Banks 2: Destination London,4.1,28703083
Baby Boy,6.1,28734552
Boiler Room,6.9,28773637
The Life of David Gale,7.3,28920188
The New Guy,5.4,28972187
Far From Heaven,7.5,29027914
Rang De Basanti,8.1,29197694
Bulworth,6.8,29203383
A Low Down Dirty Shame,5.4,29317886
The Prince & Me,5.6,29356757
Across the Universe,7.5,29367143
Shaun of the Dead,8.0,29629128
Small Time Crooks,6.5,29934477
Laws of AttrAction/Adventure,5.7,29948322
Night of the Living Dead,6.6,30000000
Dragonfly,5.8,30063805
Jane Austen's Mafia,5.0,30143795
The Art of War,5.5,30199105
Love Happens,5.5,30206355
Stick It,5.9,30399714
Cabin Fever,5.4,30553394
A Serious Man,7.2,30710147
Awake,6.5,30757745
In Bruges,8.1,30782621
Joe Dirt,5.4,30987695
How High,5.5,31260435
Lost Souls,4.5,31320293
Johnson Family Vacation,3.8,31462753
Lage Raho Munnabhai,7.8,31517561
Mr. Nice Guy,5.2,31716953
That Thing You Do!,6.7,31748615
Lake Placid,5.3,31770413
Sunshine,7.3,32030610
Copycat,6.5,32051917
Dance Flick,3.4,32092761
Kingpin,6.7,32223424
Garden State,7.9,32381151
Being John Malkovich,7.9,32382381
Krrish,6.1,32430721
Darkness Falls,4.6,32539681
Kabhi Alvida Naa Kehna,5.6,32575443
Return to Me,6.6,32662299
The Invention of Lying,6.5,32679264
Jennifer's Body,5.3,32832166
Agora,7.3,32912303
88 Minutes,5.9,32955399
Dracula 2000,4.8,33000377
Black Knight,4.3,33422806
The Long Kiss Goodnight,6.6,33447612
Fireproof,5.6,33451479
Red Planet,5.3,33463969
Friday After Next,5.3,33526835
Hostel: Part II,5.4,33606409
Crank,7.1,33824696
Hotel Rwanda,8.3,33919128
Instinct,6.2,34105207
Darkness,5.3,34409206
The Best Man,6.1,34572780
Everyone Says I Love You,6.8,34600000
Jack Frost,4.6,34645374
Disaster Movie,1.7,34690901
Death at a Funeral,5.1,34743644
My Best Friend's Girl,5.8,34787111
The Life Aquatic with Steve Zissou,7.2,34806726
Freddy's Dead: The Final Nightmare,4.5,34872033
The Skulls,5.3,35007180
EDtv,6.0,35319689
Basic Instinct 2,3.9,35417162
My Dog Skip,6.9,35512760
Jeepers Creepers II,5.3,35623801
Wu ji,5.6,35869934
Set It Off,6.3,36049108
Quarantine,6.1,36091811
The Glimmer Man,4.9,36404841
Titan A.E.,6.4,36751979
Kiss of the Dragon,6.3,36833473
Zack and Miri Make a Porno,7.0,36851125
Jersey Girl,6.2,37066129
The Majestic,6.8,37306334
The Boat That Rocked,7.5,37472651
The Banger Sisters,5.5,38067218
Ri¢hie Ri¢h,4.7,38087756
Employee of the Month,5.4,38117718
Undercover Brother,5.7,38230435
Head of State,5.1,38283765
Just My Luck,5.0,38326650
After the Sunset,6.2,38329114
Happily N'Ever After,3.9,38344430
What's the Worst That Could Happen?,5.0,38462071
Urban Legends: Final Cut,3.7,38574362
On Deadly Ground,3.8,38590458
Happy Gilmore,6.9,38623460
Clockstoppers,5.0,38788828
Scoop,6.8,39125717
Enough,6.5,39177215
Never Back Down,6.2,39319801
Crocodile Dundee in Los Angeles,4.6,39393111
Two Brothers,6.0,39925603
Fly Me To the Moon,4.7,40098231
Twisted,4.8,40119848
I Am Sam,7.4,40270895
The Faculty,6.3,40283321
La mala educaciÛn,7.5,40311842
The Master of Disguise,3.0,40363530
War,6.2,40666994
Leatherheads,6.1,40830862
House on Haunted Hill,5.2,40846082
Money Talks,5.7,41076865
The Mirror Has Two Faces,6.0,41267469
Gosford Park,7.3,41300105
Ronin,7.2,41610884
The Fourth Kind,6.0,41826604
Wimbledon,6.3,41862585
Into the Blue,5.7,41982227
Defiance,5.9,42268745
Basic,6.3,42598498
Tom yum goong,6.9,43044087
See Spot Run,4.9,43057552
Boogie Nights,7.9,43111725
Harold & Kumar Escape from Guantanamo Bay,6.7,43231984
The Wrestler,8.2,43236603
Orange County,6.1,43308707
Raising Helen,5.7,43340302
Pride and Glory,6.7,43440721
Soul Food,6.4,43492389
Welcome Home Roscoe Jenkins,4.5,43607627
The One,5.6,43905746
The Transporter,6.6,43928932
Dogma,7.3,43948865
A Man Apart,5.7,44114828
Lakeview Terrace,6.3,44263506
Deuce Bigalow: European Gigolo,4.3,44400154
Push,6.0,44411527
The Hurt Locker,7.8,44468574
The Gift,6.7,44567606
The Sweetest Thing,4.7,44633441
Meet Joe Black,6.9,44650003
Monster's Ball,7.2,44873922
Cop Out,5.7,44875481
The Hunted,5.8,45016494
Domestic Disturbance,5.3,45207112
Stranger Than Fiction,7.8,45235190
Cellular,6.5,45261739
LÈon,8.6,45284974
Keeping the Faith,6.5,45336404
Dancer in the Dark,7.8,45557491
Torque,3.5,46176322
The Big Lebowski,8.2,46189568
Get Rich or Die Tryin',4.0,46437122
9,7.8,46603791
Crazy Heart,7.4,47163756
The Watcher,3.7,47267829
Almost Famous,8.0,47371191
Book of Shadows: Blair Witch 2,4.0,47721314
A Lot Like Love,6.4,47835784
Secondhand Lions,7.5,47855342
You Got Served,2.6,48066497
G.I.Jane,5.5,48169156
The Game,7.7,48265581
Magnolia,8.0,48446802
Daybreakers,6.6,48969954
Danny the Dog,7.1,49037621
The Negotiator,7.2,49105766
Drillbit Taylor,5.9,49686263
Sky Captain and the World of Tomorrow,6.3,49730854
This Christmas,5.4,49778552
The Women,7.9,50042410
The Replacements,6.2,50054511
Grindhouse,7.9,50187789
Team America: World Police,7.3,50274834
The Tuxedo,5.0,50586000
Meet Dave,4.8,50648806
Bride of Chucky,5.3,50692188
Elizabethtown,6.4,50719373
The Mighty Ducks,5.9,50752337
Hollywood Homicide,5.2,51107785
Maximum Risk,4.9,51702929
Hanging Up,4.3,51867723
Other Water,5.9,52100882
One Hour Photo,7.0,52223306
Big Fat Liar,5.2,52375275
Untraceable,6.1,52649951
Pitch Black,7.0,53182088
Bounce,5.5,53399300
Mickey Blue Eyes,5.7,53864342
The Abyss,7.6,54243125
Varsity Blues,6.0,54294169
Spanglish,6.7,54344321
Driven,4.2,54616869
We Own the Night,7.0,54700285
Analyze That,5.6,54994757
Jeepers Creepers,5.7,55026845
Out of Time,4.9,55489826
Lucky Number Slevin,7.8,55495466
Wild Things,6.6,55576699
The Craft,5.9,55669466
The Animal,4.6,55762229
Kicking and Screaming,6.9,55842724
Smokin' Aces,6.6,56047261
A Knight's Tale,6.6,56083966
Just Married,5.1,56127162
15 Minutes,6.1,56331864
Drumline,5.2,56398162
Cradle 2 the Grave,5.4,56434942
Murder by Numbers,5.9,56643267
Crossroads,6.6,57000000
The Descent,7.4,57029609
Ninja Assassin,6.3,57422883
Year One,5.0,57604723
Heartbreakers,6.2,57753825
Agent Cody Banks,5.1,58240458
Little Nicky,5.0,58270391
The Ninth Gate,6.6,58394308
Jack,5.3,58617334
The Imaginarium of Doctor Parnassus,7.1,58692979
Behind Enemy Lines,6.1,58855732
Good Luck Chuck,5.6,59183821
Space Chimps,4.5,59517784
Next Friday,5.3,59675307
Bad Santa,7.3,60063017
Chain ReAction/Adventure,5.2,60209334
21 Grams,7.9,60448701
Shanghai Knights,6.2,60470220
Zoolander,6.4,60780981
Saw VI,6.2,61259697
The Cell,6.2,61280963
Flatliners,6.4,61308153
Valiant,5.6,61746888
Mouse Hunt,6.1,61894591
Snakes on a Plane,6.0,62020814
28 Days,5.8,62063972
Lord of War,7.7,62142629
Honey,4.6,62192232
The Reaping,5.6,62226214
Not Another Teen Movie,5.5,62401343
Like Mike,4.4,62432423
Snow Day,4.4,62452927
The Crying Game,7.3,62546695
Lions for Lambs,6.2,63211088
She's All That,5.4,63465522
In Good Company,6.8,63489752
Stuck On You,5.9,63537164
Cop Land,6.9,63706632
28 Weeks Later,7.1,64238440
Legion,5.0,64622938
The Benchwarmers,5.4,64843754
Street Kings,7.0,65589243
16 Blocks,6.7,65595141
The Road to El Dorado,6.4,65700000
Barbershop 2: Back in Business,5.5,65842412
Changing Lanes,6.5,66790248
Boogeyman,3.9,67192859
Austin Powers: International Man of Mystery,7.1,67683989
Outbreak,6.4,67823573
Frequency,7.3,68079671
Star Wars: The Clone Wars,5.4,68161554
Ghost Ship,5.3,68349884
Thirteen Ghosts,5.1,68467960
Bad Company,5.3,69157016
The Action/Adventures of Sharkboy and Lavagirl in 3-D,3.6,69425966
The Kid,5.9,69688384
The House Bunny,5.5,70237389
Anacondas: The Hunt for the Blood Orchid,4.3,70326393
License to Wed,5.1,70799818
Shallow Hal,6.0,70836296
Groundhog Day,8.2,70906973
Kate and Leopold,6.2,70937778
XXX: State of the Union,4.1,71073932
Shanghai Noon,6.6,71189835
The Royal Tenenbaums,7.6,71430876
Bandits,6.5,71523271
Small Soldiers,5.9,71743823
Funny People,6.8,71880305
Urban Legend,5.2,72571864
Lady in the Water,5.8,72785169
Life,5.3,73521587
The Core,5.3,74132631
Das Leben der Anderen,8.5,75284657
Serendipity,6.6,75294136
Tin Cup,6.1,75854588
Stomp the Yard,4.3,76356221
Stealth,4.8,76416746
Home on the Range,5.4,76482461
Bend it Like Beckham,6.9,76583333
The Number 23,6.2,76593167
Coach Carter,7.1,76669806
Righteous Kill,6.0,76781410
Barbershop,6.2,77081642
The Back-up Plan,4.4,77090007
The Unborn,4.5,77208315
Vicky Cristina Barcelona,7.4,77213577
Money Train,5.2,77224232
Windtalkers,5.8,77628265
Collateral Damage,5.2,78353508
Showtime,5.3,78948765
Hot Fuzz,8.0,79197493
"Goodbye, Lenin!",3.3,79316616
Finding Forrester,7.2,80013623
Hostel,5.7,80578934
The Strangers,6.0,80597610
The Rookie,5.5,80693537
The Rundown,6.6,80831893
Hope Floats,5.3,81529000
Sky High,6.6,81627454
Reign of Fire,5.9,82150183
28 Days Later...,7.6,82719885
In & Out,6.1,83226569
El Laberinto del Fauno,8.4,83234615
Assassins,5.9,83306268
Snatch,8.2,83593107
Date Movie,2.6,84548426
Meet the Spartans,2.4,84646831
The Transporter 2,6.6,85095856
The Whole Nine Yards,6.6,85262492
Stripes,6.8,85300000
Volver,4.4,85599867
Tears of the Sun,6.4,85632458
Drag Me To Hell,7.1,85724728
Old School,7.0,86325829
The Kingdom,7.1,86509602
Rat Race,6.4,86607223
Epic Movie,2.2,86858578
Match Point,7.8,87989926
Gwoemul,7.1,89006691
Anchorman: The Legend of Ron Burgundy,7.0,89366354
Stigmata,6.0,89441732
Final Destination 2,6.4,89626226
Identity,7.3,90231264
Bring it On,5.9,90453550
Galaxy Quest,7.2,90523726
Autumn in New York,4.8,90717684
Kangaroo Jack,4.1,90723216
Romeo Must Die,5.9,91036760
The Family Stone,6.3,91762868
Four Brothers,6.8,92494381
The Skeleton Key,6.5,92907715
Deuce Bigalow: Male Gigolo,5.6,92935067
Michael Clayton,7.5,92987651
Racing Stripes,5.2,93772522
The River Wild,6.2,94215000
The Wedding Planner,4.8,94728529
40 Days and 40 Nights,5.4,95092667
Underworld,6.7,95708457
Red-Eye,6.5,95891803
The 6th Day,5.8,96024898
The Butterfly Effect,7.8,96046844
8MM,6.3,96398826
13 Going On 30,6.1,96439723
Phone Booth,7.2,97837138
Are We There Yet?,4.2,97918663
Once Upon a Time in Mexico,6.2,98156459
Evolution,5.9,98341932
Crash,6.1,98387109
Zombieland,7.8,98690286
Bowfinger,6.4,98699769
Les Visiteurs,6.7,98754000
Nacho Libre,5.7,99197993
The Wild,5.4,99384046
Hitman,6.8,99965792
Any Given Sunday,6.6,100230832
Little Miss Sunshine,8.0,100523181
Courage Under Fire,6.6,100833145
Scream 2,5.9,101363301
Mars Attacks!,6.3,101371017
Miss Congeniality 2: Armed and Fabulous,4.7,101382396
Little Man,5.7,101636047
John Q,6.6,102226631
Ladder 49,6.5,102332848
The Cable Guy,5.8,102825796
Saw,7.7,103096345
Snake Eyes,5.8,103891409
Under Siege 2: Dark Territory,5.1,104324083
Dragonheart,6.2,104364680
Training Day,7.6,104505362
The Brothers Grimm,5.9,105299638
Made of Honor,5.5,105508112
Mission to Mars,5.1,106000000
Lost in Translation,7.9,106454000
Spirit: Stallion of the Cimarron,6.6,106515310
The Chronicles of Riddick,6.4,107212751
Ace Ventura: Pet Detective,6.6,107217396
Hidalgo,6.6,107336658
Three Kings,7.3,107752036
The American President,6.8,107822813
Planet 51,6.1,108005745
Billy Elliot,7.7,109280263
Fool's Gold,7.6,109362966
The Net,5.6,110521733
The Forgotton,4.9,111311892
Underworld: Evolution,6.6,111318875
White Chicks,5.0,111448997
Final Destination 3,5.9,112798051
Final Destination,6.8,112802314
Saw V,5.7,113146769
Law Abiding Citizen,7.2,113190972
Species,5.6,113354449
The Score,6.8,113542091
Bride Wars,5.0,115150424
Step Up,6.1,115328121
Blue Streak,5.9,117448157
Disturbia,7.0,117573043
Apocalypto,7.9,117785051
Beverly Hills Cop III,5.0,119180938
Stepmom,6.2,119709917
Road Trip,6.4,119739110
Volcano,5.2,120100000
Intolerable Cruelty,6.4,121327628
Mona Lisa Smile,6.1,121598309
Executive Decision,6.3,122079192
Hide and Seek,5.6,123100486
The Family Man,6.6,124715863
American Wedding,6.1,126425115
U-571,6.4,127630030
Failure to Launch,5.6,128402901
Space Cowboys,6.3,128874043
Jingle All the Way,4.9,129832389
"You, Me and Dupree",6.1,130402010
Wolf,6.0,131011757
The School of Rock,7.2,131161177
Save the Last Dance,5.9,131638276
Saw IV,6.0,134528909
Babel,7.6,135302837
Anaconda,4.2,136998907
Big Momma's House 2,4.0,137047376
Conspiracy Theory,6.5,137118990
Monster House,6.8,140161010
Scary Movie 2,4.7,141189101
Bad Boys,6.6,141247413
Legally Blonde,6.2,141743426
Phenomenon,6.3,142836382
Spy Game,6.9,143049560
Surf's Up,7.0,145395745
Music and Lyrics,6.6,145556146
Blades of Glory,6.5,145594548
The Book of Eli,6.9,146452390
Swordfish,6.3,147080413
The Mexican,5.9,147808615
The Game Plan,6.3,147914546
Broken Arrow,5.8,148345997
"Me, Myself & Irene",6.9,149270999
Step Up 2 the Streets,5.6,150017783
Mononoke-hime,8.3,150350000
Speed II: Cruise Control,3.4,150468000
Kill Bill: Volume 2,8.0,150907920
Date Night,6.5,152253432
Antz,6.8,152457863
Saw II,6.8,152925093
Maid in Manhattan,4.6,154832896
Scary Movie 3,5.4,155200000
Monster-in-Law,5.1,155931301
America's Sweethearts,5.7,157627733
Alien³,6.3,158500000
Daylight,5.4,158908290
Crimson Tide,7.2,159387195
Johnny English,5.8,160323929
Alien: Resurrection,6.2,160700000
Scream 3,5.3,161838076
Talladega Nights: The Ballad of Ricky Bobby,6.4,163013377
The Island,6.9,163018913
Sweet Home Alabama,5.8,163379330
The Happening,5.2,163403799
Burn After Reading,7.2,163415735
Four Christmases,5.7,163546040
Saw III,6.3,163876815
The Interpreter,6.5,163954076
Daddy Day Care,5.5,164285587
Bringing Down the House,5.4,164675402
"Six Days, Seven Nights",4.7,164800000
Deep Blue Sea,5.6,165048228
Seven Pounds,7.6,166617328
Dodgeball: A True Underdog Story,6.6,167726736
Spy Kids 3-D: Game Over,4.1,167851995
The Emperor's New Groove,7.4,169296573
Superbad,7.8,169863226
Along Came Polly,5.8,170360435
Cloverfield,7.4,170764033
Blood Diamond,8.0,171377916
Couples Retreat,5.5,172450423
The Santa Clause 2,5.5,172825854
Scream,2.9,173046663
Evan Almighty,5.5,173219280
Big Momma's House,4.7,173559438
Le Fabuleux destin d'AmÈlie Poulain,8.5,174201661
Analyze This,6.6,176885658
The 40 Year-old Virgin,7.5,177339049
Flushed Away,7.0,177665672
Double Jeopardy,6.0,177835231
Eagle Eye,6.6,178066569
Dante's Peak,5.6,178200000
Scary Movie 4,5.0,178710620
Moulin Rouge,7.3,179213196
Kill Bill: Volume 1,8.2,180098138
Paul Blart: Mall Cop,5.3,180449670
DÈj‡ Vu,7.0,181038616
Aliens,7.5,183316455
Inside Man,7.7,184634237
I Now Pronounce You Chuck and Larry,6.1,185708462
Wallace & Gromit: The Curse of the Were-Rabbit,7.9,185724838
The Final Destination,4.9,185777700
Tropic Thunder,7.2,188163455
The Santa Clause,6.1,189800000
Other Season,6.0,189901703
The Waterboy,5.7,190191646
Gangs of New York,7.4,190400000
Hollow Man,5.5,191200000
Paranormal Activity,6.7,193770453
Anger Management,6.1,195660942
Panic Room,6.9,196308367
50 First Dates,6.8,196376832
Stargate,6.7,196565669
Spy Kids,5.7,197692062
The Pacifier,5.3,198006880
Two Weeks Notice,5.8,199043309
Gake no ue no Ponyo,7.8,199090399
Cats & Dogs,5.2,200700000
The Break Up,5.9,202944203
The Ugly Truth,6.4,203115214
Alien,8.5,203630630
The Holiday,6.9,205190324
District 9,8.3,206552113
Australia,6.8,207482792
The Others,7.8,209947037
Kingdom of Heaven,7.1,211398413
Entrapment,6.1,211700000
End of Days,5.4,212026975
Miss Congeniality,6.1,212100000
Ace Ventura: When Nature Calls,5.6,212400000
Pulp Fiction,8.9,212928762
Vertical Limit,5.6,213500000
The Patriot,6.9,215300000
Valentine's Day,5.7,215771698
Collateral,7.8,217670152
Knocked Up,7.5,218994109
Elf,6.8,220443451
Con Air,6.6,224117573
It's Complicated,6.7,224614744
Taken,4.8,225461461
Flightplan,6.2,225706988
Good Will Hunting,8.1,225933435
Chicken Run,7.3,227793915
Knight and Day,6.6,228937227
Juno,7.9,230327671
Eraser,5.9,234400000
Big Daddy,4.7,234779795
American Pie,6.9,234800000
Click,5.0,237555633
Batman & Robin,3.5,238317814
Face/Off,7.3,241200000
Four Weddings and a Funeral,7.1,242895809
8 Mile,6.7,242924075
Bienvenue chez les Ch'tis,7.0,243470856
Rush Hour,6.8,245300000
Lilo & Stitch,7.1,245800000
Dumb & Dumber,7.2,246400000
Love Actually,7.9,247967903
Unbreakable,7.3,248099143
The Blair Witch Project,6.2,248300000
The Truman Show,8.0,248400000
Space Jam,5.6,250200000
Grown Ups,5.8,250294625
Enemy of the State,7.2,250649836
Rush Hour 3,6.0,253025968
The Full Monty,7.2,257938649
The Village,6.6,260197520
Robots,6.4,260700012
The Fifth Element,7.4,263900000
Waterworld,5.7,264246220
Something's Gotta Give,6.8,266685242
Batman Returns,6.9,266822354
xXx,5.5,267200000
"10,000 B.C.",5.8,269065678
Bad Boys II,6.2,272940870
Jerry Maguire,7.2,274000000
Beverly Hills Cop II,6.1,276665036
Scary Movie,6.0,277200000
Shakespeare in Love,7.4,279500000
Speed,2.6,283200000
Lethal Weapon 4,6.4,285400000
American Pie 2,6.2,286500000
My Best Friend's Wedding,6.2,287200000
G-Force,5.0,287389685
Bee Movie,6.3,287594577
What Lies Beneath,6.5,288693989
Ghostbusters,6.8,291632124
Austin Powers in Goldmember,6.2,292738626
Van Helsing,5.5,300150546
Meet the Parents,7.0,301500000
Liar Liar,6.7,302710615
Runaway Bride,5.2,308007919
Ransom,6.6,308700000
Austin Powers: The Spy Who Shagged Me,6.6,309600000
Bolt,7.4,313953579
As Good as it Gets,7.8,314111923
Chicken Little,5.8,314432738
Air Force One,6.3,315268353
The Proposal,5.4,317358031
Lethal Weapon 3,6.5,319700000
Inglourious Basterds,8.4,320389438
Se7en,8.7,328125643
The Rock,7.2,336069511
Batman Forever,5.4,336529144
Enchanted,7.5,340384141
National Treasure,6.9,347405002
Rush Hour 2,6.4,347425832
Deep Impact,6.0,349464664
Dinosaur,6.2,356148063
American Beauty,8.6,356258047
Home Alone 2: Lost in New York,5.8,358994850
There's Something About Mary,7.2,360099999
Toy Story,8.2,361948825
A Bug's Life,7.3,363109485
Notting Hill,6.9,363728226
Slumdog Millionaire,8.3,365257315
Hitch,5.7,366784257
Shark Tale,5.9,367275019
What Women Want,6.3,372100000
Ice Age,7.4,383257136
Happy Feet,6.7,385000317
Raiders of the Lost Ark,8.7,386800358
Signs,6.9,408265690
The Matrix Revolutions,6.5,424259759
Cast Away,7.5,427230516
Terminator 3: Rise of the Machines,6.6,433058296
The Last Samurai,7.8,456810575
Gladiator,8.3,457683805
The Matrix,8.7,460279930
Cars,7.5,461923762
The Hangover,7.9,465132119
Home Alone,7.0,476684675
Mr. And Mrs. Smith,4.7,478336279
Saving Private Ryan,8.5,481635085
Toy Story 2,8.0,484966906
Bruce Almighty,6.6,485004995
Aladdin,7.8,504050219
Meet the Fockers,6.4,516567575
Terminator 2: Judgment Day,8.5,516816151
"Monsters, Inc.",7.4,526864330
Madagascar,6.6,532680671
WALL-E,8.5,532743103
The Day After Tomorrow,6.3,544272402
Armageddon,6.1,554600000
Madagascar: Escape 2 Africa,6.8,599516844
Ratatouille,8.1,620495432
Hancock,6.5,624346274
The Incredibles,8.1,632882184
Ice Age: The Meltdown,6.9,651899282
The Sixth Sense,8.2,672806292
Up,8.4,731304609
The Matrix Reloaded,7.1,738576929
Inception,9.1,753830280
2012,6.2,766812167
The Lion King,8.2,783839505
Indiana Jones and the Kingdom of the Crystal Skull,6.6,786558145
ET: The Extra-Terrestrial,7.9,792910554
Independence Day,6.5,817400878
Finding Nemo,8.2,867894287
Ice Age: Dawn of the Dinosaurs,7.1,886685941
Toy Story 3,8.9,1046340665
Titanic,7.4,1842879955
Avatar,8.3,2767891499
Marilyn Hotchkiss' Ballroom Dancing and Charm School,6.6,399114
Swept Away,3.4,598645
Gloria,4.7,4967493
Night of the Living Dead,6.6,5835247
Willard,6.2,6882696
I Think I Love My Wife,5.5,13205411
Wicker Park,6.9,13400080
Kiss of Death,7.6,14942422
Solaris,6.2,14970038
Just Visiting,5.6,16172200
Black Christmas,4.3,16235738
Catch That Kid,4.7,16930762
School for Scoundrels,6.0,17807569
Get Carter,4.8,19417182
Rollerball,2.8,25852508
Sorority Row,5.1,26735797
Brooklyn's Finest,6.9,28319627
The Out-of-Towners,4.9,28544120
The Stepfather,5.3,29227561
Pulse,5.0,29771485
Double Take,6.8,29823162
The Bad News Bears,7.1,33500620
Flight of the Phoenix,6.0,34009180
Alfie,6.1,35195939
Father's Day,4.8,35681080
What a Girl Wants,5.7,35990505
Assault On Precinct 13,7.4,36040895
The Bachelor,4.8,36882378
The Fog,3.3,37048526
Psycho,4.5,37226218
The Hills Have Eyes II,5.0,37466538
The Invasion,6.0,40147042
Death at a Funeral,5.1,42739347
The Crazies,6.7,43027734
Last Holiday,6.3,43343247
Scarface,8.2,44942821
Bangkok Dangerous,5.4,46598133
Walking Tall,6.0,47313824
Dark Water,5.6,49473093
The Texas Chainsaw Massacre: The Beginning,5.8,50517763
Mighty Joe Young,5.4,50632037
The Eye,5.3,56706727
Prom Night,5.1,57109687
Sweet November,6.0,65754228
When a Stranger Calls,4.7,66966987
The Grudge 2,4.6,68643839
The Hills Have Eyes,6.5,69623713
3:10 to Yuma,7.9,69791889
House of Wax,5.4,70064800
Down to Earth,5.0,71172251
Around the World in 80 Days,5.6,72004159
"Yours, Mine and Ours",7.6,72359917
Death Race,6.6,72516819
The Ladykillers,6.2,77692139
Fame,4.5,77956957
Les Choristes,7.8,83529758
Sabrina,6.0,87100000
The Shaggy Dog,4.1,87123569
Bedazzled,5.9,90376224
No Reservations,6.3,92107979
The Manchurian Candidate,6.7,96148711
The Stepford Wives,5.1,96221971
My Bloody Valentine,5.7,98817028
Guess Who,5.7,102115888
Dawn of the Dead,7.4,102290765
The Texas Chainsaw Massacre,6.1,107071655
Shaft,5.9,107190108
The Amityville Horror/Thriller,5.8,108047131
Insomnia,6.3,113622499
The Lake House,6.8,114830111
Shall We Dance?,7.6,118097882
Man on Fire,7.7,118706816
Unfaithful,6.6,119114494
The Omen,5.4,119607383
Eight Below,7.3,120612565
The Thomas Crown Affair,6.7,124304264
Cheaper by the Dozen 2,5.2,135015330
The Legend of Zorro,5.7,141475336
The Wolf Man,7.4,142422252
The Taking of Pelham 123,6.5,148989667
The Jackal,6.0,159356941
Freaky Friday,6.5,160822438
Nutty Professor II: The Klumps,4.3,161600000
The Ring Two,5.1,161941727
The Italian Job,6.9,175826012
Doctor Dolittle 2,6.0,176101721
Flubber,4.6,177993801
Poseidon,5.6,181674817
Cape Fear,7.3,182291969
The Grudge,5.7,187281115
Cheaper by the Dozen,5.6,189714544
The Longest Yard,6.2,190320568
City of Angels,6.4,198750909
Fun With Dick And Jane,6.3,202250000
Vanilla Sky,6.9,202726605
Hairspray,7.2,202823091
The Mask of Zorro,6.7,233700000
The Ring,5.5,249094024
The Nutty Professor,5.6,273814019
The Departed,8.5,290539042
Doctor Dolittle,5.2,294156605
Ocean's Thirteen,6.9,311744465
The Karate Kid,6.1,350591618
Planet of the Apes,5.5,362211740
Ocean's Twelve,6.0,363531634
True Lies,7.2,365300000
Godzilla,4.8,376000000
The Mummy: Tomb of the Dragon Emperor,5.1,397912118
The Mummy,6.8,416385488
The Mummy Returns,6.2,433007640
Ocean's Eleven,7.6,450728529
Charlie and the Chocolate Factory,7.1,474459076
King Kong,7.6,550517357
The War of the Worlds,7.2,591745532
Jay and Silent Bob Strike Back,6.8,33762400
Beauty Shop,5.3,38351350
The Tigger Movie,6.0,55159800
Elektra,4.9,56409722
Freddy vs. Jason,5.8,114326122
The Scorpion King,5.3,164529000
AVP: Alien Vs. Predator,5.4,172543519
X-Men Origins: Wolverine,6.7,374825760
Sydney White,6.2,12778631
A Cinderella Story,5.4,70067909
D-War,3.8,79915361
Sinbad: Legend of the Seven Seas,6.6,80767884
Hoodwinked,6.7,110011106
First Knight,5.6,127361412
King Arthur,6.2,203877963
Mulan,7.2,303500000
Robin Hood,6.9,310885538
Robin Hood: Prince of Thieves,6.7,390500000
Spiceworld,2.9,56042592
